INSERT INTO `equip_type` (`id`, `name`) VALUES
(1, 'Оникс'),
(2, 'Опал'),
(3, 'Шпинель'),
(4, 'Циркон'),
(5, 'Коралл'),
(6, 'Аден'),
(7, 'Ева'),
(8, 'Властитель'),
(9, 'Бенир'),
(10, 'Скорость'),
(11, 'Небула'),
(12, 'Прочелла'),
(13, 'Радость'),
(14, 'Петрам'),
(15, 'Игнис'),
(16, 'Плащ'),
(17, 'Пояс'),
(18, 'Подвеска'),
(19, 'Баюм'),
(20, 'Талисман Баюма'),
(21, 'Кора'),
(22, 'АК'),
(23, 'Кукла Орфен'),
(24, 'Кукла АК'),
(25, 'Кукла Баюм');


INSERT INTO `event_type` (`id`, `name`,`score`) VALUES
(1, '75-е',50),
(2, '80-е',100),
(3, 'ТОИ',200),
(4, 'Жрецы',300),
(5, 'Анаким',400),
(6, 'Лилит',500),
(7, 'Кора',600),
(8, 'АК',700),
(9, 'Орфен',800),
(10, 'Закен',900),
(11, 'БАЮМ',1000);



INSERT INTO `equip` (`id`, `cost`, `grade`, `equip_type_id`) VALUES
(1, 0, 0, 1),
(2, 0.01, 3, 1),
(3, 0.02, 4, 1),
(4, 0.07, 5, 1),
(5, 0, 0, 2),
(6, 0.01, 3, 2),
(7, 0.02, 4, 2),
(8, 0.07, 5, 2),
(9, 0, 0, 3),
(10, 0.01, 3, 3),
(11, 0.02, 4, 3),
(12, 0.07, 5, 3),
(13, 0, 0, 4),
(14, 0.01, 3, 4),
(15, 0.02, 4, 4),
(16, 0.07, 5, 4),
(17, 0, 0, 5),
(18, 0.01, 3, 5),
(19, 0.02, 4, 5),
(20, 0.07, 5, 5),
(21, 0, 0, 6),
(22, 0.01, 6, 6),
(23, 0.02, 7, 6),
(24, 0.05, 8, 6),
(25, 0.05, 9, 6),
(26, 0, 0, 7),
(27, 0.01, 5, 7),
(28, 0.03, 6, 7),
(29, 0.07, 7, 7),
(30, 0.07, 8, 7),
(31, 0.07, 9, 7),
(32, 0, 0, 8),
(33, 0.01, 5, 8),
(34, 0.03, 6, 8),
(35, 0.07, 7, 8),
(36, 0.07, 8, 8),
(37, 0.07, 9, 8),
(38, 0, 0, 9),
(39, 0.04, 15, 9),
(40, 0.07, 25, 9),
(41, 0, 0, 10),
(42, 0.01, 6, 10),
(43, 0.03, 7, 10),
(44, 0.07, 8, 10),
(45, 0.07, 9, 10),
(46, 0, 0, 11),
(47, 0.01, 6, 11),
(48, 0.03, 7, 11),
(49, 0.05, 8, 11),
(50, 0.07, 9, 11),
(51, 0, 0, 12),
(52, 0.01, 6, 12),
(53, 0.03, 7, 12),
(54, 0.05, 8, 12),
(55, 0.07, 9, 12),
(56, 0, 0, 13),
(57, 0.01, 7, 13),
(58, 0.04, 8, 13),
(59, 0.04, 9, 13),
(60, 0, 0, 14),
(61, 0.01, 6, 14),
(62, 0.03, 7, 14),
(63, 0.05, 8, 14),
(64, 0.07, 9, 14),
(65, 0, 0, 15),
(66, 0.01, 6, 15),
(67, 0.03, 7, 15),
(68, 0.05, 8, 15),
(69, 0.07, 9, 15),
(70, 0, 0, 16),
(71, 0.01, 6, 16),
(72, 0.03, 7, 16),
(73, 0.07, 8, 16),
(74, 0.07, 9, 16),
(75, 0, 0, 17),
(76, 0.01, 5, 17),
(77, 0.03, 6, 17),
(78, 0.07, 7, 17),
(79, 0.07, 8, 17),
(80, 0, 0, 18),
(81, 0.01, 2, 18),
(82, 0.03, 3, 18),
(83, 0.07, 4, 18),
(84, 0, 0, 19),
(85, 0.02, 2, 19),
(86, 0.05, 3, 19),
(87, 0, 0, 20),
(88, 0.02, 1, 20),
(89, 0.05, 2, 20),
(90, 0.07, 3, 20),
(91, 0.07, 4, 20),
(92, 0, 0, 21),
(93, 0.02, 3, 21),
(94, 0, 0, 22),
(95, 0.02, 3, 22),
(96, 0, 0, 23),
(97, 0.01, 1, 23),
(98, 0.03, 2, 23),
(99, 0, 0, 24),
(100, 0.01, 1, 24),
(101, 0.03, 2, 24),
(102, 0.07, 3, 24),
(103, 0, 0, 25),
(104, 0.01, 1, 25),
(105, 0.03, 2, 25),
(106, 0.07, 3, 25);



INSERT INTO `level` (`id`, `cost`, `value`) VALUES
(1, 0.1, 85),
(2, 0.2, 86),
(3, 0.3, 87),
(4, 0.5, 88),
(5, 0.7, 89);

INSERT INTO `prof` (`id`, `cost`, `value`) VALUES
(1, 0.2, 'Биш'),
(2, 0.4, 'Танк'),
(3, 0, 'Другая');